first_name,last_name,email,phone
Hamilton,Forrester,hforrester0@skype.com,7043340906
Marcelo,McNeill,mmcneill1@wikipedia.org,9555610652
Sidonia,Beldon,sbeldon2@amazonaws.com,2997066244
Shell,Foch,sfoch3@accuweather.com,2595788579
Dasi,Waldron,dwaldron4@goo.gl,2016531182
Binnie,Rickard,brickard5@liveinternet.ru,1293109198
Dietrich,Newgrosh,dnewgrosh6@bloglines.com,8799622750
Warren,Spyby,wspyby7@amazon.de,4784794939
Lowell,Soldner,lsoldner8@technorati.com,6312694673
Bernardina,Gornall,bgornall9@livejournal.com,6184539368
Joshua,De Bischop,jdebischopa@flavors.me,9031743010
Gabriel,Lighten,glightenb@networkadvertising.org,7445565383
Fay,O'Deoran,fodeoranc@google.pl,4211647979
Timothee,Buxcy,tbuxcyd@engadget.com,6973650903
Dulci,Waplington,dwaplingtone@hexun.com,2967389118
Gus,O'Giany,gogianyf@behance.net,2882612453
Hallsy,Pettinger,hpettingerg@nymag.com,9896938851
Ava,Von Hindenburg,avonhindenburgh@icio.us,9572197199
Sharia,Gallifont,sgallifonti@vinaora.com,3214656126
Deva,Paolacci,dpaolaccij@thetimes.co.uk,2486064180
Chad,Skingle,cskinglek@reddit.com,6735891820
Kimberlee,Cranage,kcranagel@usatoday.com,8441289206
Elberta,Gahan,egahanm@163.com,6454178812
Rhett,Grosvener,rgrosvenern@netvibes.com,9138775773
Ernesto,Gentreau,egentreauo@google.ca,5137393846
Kameko,Plom,kplomp@disqus.com,5064346204
Galina,Pancost,gpancostq@lycos.com,1794924970
Josefina,Verick,jverickr@lulu.com,2901966350
Kitti,Castri,kcastris@accuweather.com,9862767466
Wyatan,Robertacci,wrobertaccit@techcrunch.com,5272310527
Cristen,Greves,cgrevesu@slideshare.net,9421860170
Lizabeth,Dutson,ldutsonv@livejournal.com,4813872638
Tracie,Amberg,tambergw@wsj.com,7198091101
Jarib,Gytesham,jgyteshamx@yale.edu,9416599512
Ilka,Hubert,ihuberty@amazon.de,8027000439
Zea,Trulock,ztrulockz@t.co,4212873565
Grayce,Burchill,gburchill10@amazon.de,9336323370
Vyky,Barnaby,vbarnaby11@fema.gov,3359068476
Clemmie,Squirrell,csquirrell12@tuttocitta.it,2188307159
Royal,Blackman,rblackman13@apple.com,4702693640
Charlene,Goldring,cgoldring14@goodreads.com,8377086602
Darrelle,Johnston,djohnston15@google.com.hk,8567624406
Staford,Haton,shaton16@hp.com,5106450111
Chicky,Quennell,cquennell17@foxnews.com,1296805963
Phillipp,Ive,pive18@cornell.edu,9149192546
Bryan,Marshalleck,bmarshalleck19@uol.com.br,3244429329
Jeannette,Hannant,jhannant1a@google.cn,8999994449
Lorne,Najafian,lnajafian1b@jigsy.com,2561657648
Phaedra,Wigin,pwigin1c@oracle.com,4661388387
Amberly,Tregidgo,atregidgo1d@reverbnation.com,3021003561
Jonell,Duckinfield,jduckinfield1e@guardian.co.uk,5175211788
Christoforo,Borgnet,cborgnet1f@ycombinator.com,1882690316
Skip,Bowhay,sbowhay1g@hud.gov,4161947567
Xylia,Stivers,xstivers1h@edublogs.org,4455518663
Hercules,Pinks,hpinks1i@elegantthemes.com,1743072814
Athene,Christofe,achristofe1j@goodreads.com,6044075356
Burton,Gilleson,bgilleson1k@imageshack.us,6959329860
Deni,Chuck,dchuck1l@hugedomains.com,3595882454
Ara,Ettritch,aettritch1m@uol.com.br,1204141619
Tamera,Dunkley,tdunkley1n@latimes.com,6259312984
Almire,Farahar,afarahar1o@msu.edu,6197536355
Durand,Zylbermann,dzylbermann1p@posterous.com,8432912016
Arney,Kluss,akluss1q@dell.com,3149847716
Bastian,Smallman,bsmallman1r@weibo.com,1648660894
Morlee,Rittmeier,mrittmeier1s@hhs.gov,8121415012
Shannon,Giral,sgiral1t@ftc.gov,4108972812
Vitia,Wiffen,vwiffen1u@php.net,5592010203
Arlyn,Skullet,askullet1v@china.com.cn,6737893889
Casey,Pinhorn,cpinhorn1w@vkontakte.ru,9133361327
Marcellina,O'Hederscoll,mohederscoll1x@1688.com,2255226282
Chaim,Heam,cheam1y@amazon.co.uk,6516404337
Ransell,Mulvenna,rmulvenna1z@umn.edu,7389188012
Fannie,Anfonsi,fanfonsi20@dyndns.org,7082830341
Harvey,Malsher,hmalsher21@jigsy.com,7228907797
Codie,Cholonin,ccholonin22@bbb.org,2251000456
Amalee,Bilam,abilam23@aol.com,2684278301
Jaimie,Peacocke,jpeacocke24@ocn.ne.jp,8922452963
Radcliffe,Bortoloni,rbortoloni25@blogspot.com,3191147956
Elsy,Keeting,ekeeting26@java.com,2066639442
Shea,Farrar,sfarrar27@pinterest.com,7829462097
Evvy,Jarmain,ejarmain28@omniture.com,8364425440
Cyndi,Snaddin,csnaddin29@nyu.edu,5699533054
Charmian,Josefsohn,cjosefsohn2a@1und1.de,1748121752
Sherlock,Le Maitre,slemaitre2b@google.com.hk,2749999389
Clarette,Tooting,ctooting2c@forbes.com,5797062775
Vincenz,Kaiser,vkaiser2d@qq.com,1543760316
Isobel,Youles,iyoules2e@tuttocitta.it,7869447696
Susan,Matuszinski,smatuszinski2f@storify.com,6263512101
Anselm,Fowls,afowls2g@gnu.org,9158367900
Margaret,Bradbury,mbradbury2h@yelp.com,1238708460
Batsheva,Moorton,bmoorton2i@deliciousdays.com,5617342132
Pooh,Frearson,pfrearson2j@cocolog-nifty.com,8752405030
Ingrim,Warnock,iwarnock2k@alexa.com,8188715779
Vance,Costi,vcosti2l@nationalgeographic.com,2482122526
Justin,Craigs,jcraigs2m@yandex.ru,7011085460
Basil,Stokey,bstokey2n@bravesites.com,7757399309
Otho,Dumigan,odumigan2o@w3.org,9815520030
Tasia,Stubbs,tstubbs2p@mapy.cz,4123461831
Koralle,Elbourn,kelbourn2q@diigo.com,9715881632
Mirella,Walter,mwalter2r@sciencedirect.com,9775422258
